Datetime,Water Level (m)
2026-09-16 06:00:00,0.030173058
2026-09-16 07:00:00,-0.091380514
2026-09-16 08:00:00,0.14231952
2026-09-16 09:00:00,0.34497824
2026-09-16 10:00:00,0.5394172
2026-09-16 11:00:00,0.70340693
2026-09-16 12:00:00,0.8397317
2026-09-16 13:00:00,0.88194746
2026-09-16 14:00:00,0.76108754
2026-09-16 15:00:00,0.628085
2026-09-16 16:00:00,0.47444862
2026-09-16 17:00:00,0.30690873
2026-09-16 18:00:00,0.14429644
2026-09-16 19:00:00,0.01905474
2026-09-16 20:00:00,0.1275697
2026-09-16 21:00:00,0.4045183
2026-09-16 22:00:00,0.579404
2026-09-16 23:00:00,0.7968329
2026-09-17 00:00:00,0.9877729
2026-09-17 01:00:00,1.0793016
2026-09-17 02:00:00,1.0005857
2026-09-17 03:00:00,0.8780613
2026-09-17 04:00:00,0.7415467
2026-09-17 05:00:00,0.59139764
2026-09-17 06:00:00,0.433252
2026-09-17 07:00:00,0.29144326
2026-09-17 08:00:00,0.2183006
2026-09-17 09:00:00,0.37046522
2026-09-17 10:00:00,0.52065516
2026-09-17 11:00:00,0.6447393
2026-09-17 12:00:00,0.7912364
2026-09-17 13:00:00,0.8675242
2026-09-17 14:00:00,0.7865962
2026-09-17 15:00:00,0.6939042
2026-09-17 16:00:00,0.58661836
2026-09-17 17:00:00,0.45167318
2026-09-17 18:00:00,0.3112994
2026-09-17 19:00:00,0.19450277
2026-09-17 20:00:00,0.15871581
2026-09-17 21:00:00,0.36858186
2026-09-17 22:00:00,0.50751317
2026-09-17 23:00:00,0.6480165
2026-09-18 00:00:00,0.8336803
2026-09-18 01:00:00,0.9988429
2026-09-18 02:00:00,1.0265203
2026-09-18 03:00:00,0.95117736
2026-09-18 04:00:00,0.85677814
2026-09-18 05:00:00,0.73435825
2026-09-18 06:00:00,0.59715706
2026-09-18 07:00:00,0.46369082
2026-09-18 08:00:00,0.36518356
2026-09-18 09:00:00,0.37219095
2026-09-18 10:00:00,0.4816538
2026-09-18 11:00:00,0.5336117
2026-09-18 12:00:00,0.5853431
2026-09-18 13:00:00,0.64159644
2026-09-18 14:00:00,0.6440354
2026-09-18 15:00:00,0.5948463
2026-09-18 16:00:00,0.54383737
2026-09-18 17:00:00,0.47306648
2026-09-18 18:00:00,0.37879175
2026-09-18 19:00:00,0.28267282
2026-09-18 20:00:00,0.21116412
2026-09-18 21:00:00,0.22606963
2026-09-18 22:00:00,0.3930889
2026-09-18 23:00:00,0.49014053
2026-09-19 00:00:00,0.6003121
2026-09-19 01:00:00,0.7501792
2026-09-19 02:00:00,0.85929424
2026-09-19 03:00:00,0.85781884
2026-09-19 04:00:00,0.813167
2026-09-19 05:00:00,0.7557971
2026-09-19 06:00:00,0.6744564
2026-09-19 07:00:00,0.57951564
2026-09-19 08:00:00,0.4822548
2026-09-19 09:00:00,0.39693496
2026-09-19 10:00:00,0.33680537
2026-09-19 11:00:00,0.3215563
2026-09-19 12:00:00,0.3617524
2026-09-19 13:00:00,0.4140624
2026-09-19 14:00:00,0.4739484
2026-09-19 15:00:00,0.5066165
2026-09-19 16:00:00,0.49244124
2026-09-19 17:00:00,0.4640849
2026-09-19 18:00:00,0.42338789
2026-09-19 19:00:00,0.3692483
2026-09-19 20:00:00,0.32322767
2026-09-19 21:00:00,0.2997987
2026-09-19 22:00:00,0.31883982
2026-09-19 23:00:00,0.40336612
2026-09-20 00:00:00,0.45609882
2026-09-20 01:00:00,0.5233363
2026-09-20 02:00:00,0.6274592
2026-09-20 03:00:00,0.75006706
2026-09-20 04:00:00,0.82064736
2026-09-20 05:00:00,0.8380836
2026-09-20 06:00:00,0.8179196
2026-09-20 07:00:00,0.75639844
2026-09-20 08:00:00,0.6703365
2026-09-20 09:00:00,0.5680779
2026-09-20 10:00:00,0.4560562
2026-09-20 11:00:00,0.35057947
2026-09-20 12:00:00,0.26911965
2026-09-20 13:00:00,0.24311577
2026-09-20 14:00:00,0.2816788
2026-09-20 15:00:00,0.33906564
2026-09-20 16:00:00,0.4092584
2026-09-20 17:00:00,0.48584354
2026-09-20 18:00:00,0.51437074
2026-09-20 19:00:00,0.498922
2026-09-20 20:00:00,0.46188742
2026-09-20 21:00:00,0.40810406
2026-09-20 22:00:00,0.34913
2026-09-20 23:00:00,0.2972477
2026-09-21 00:00:00,0.28688663
2026-09-21 01:00:00,0.38565573
2026-09-21 02:00:00,0.4951436
2026-09-21 03:00:00,0.57463825
2026-09-21 04:00:00,0.67803264
2026-09-21 05:00:00,0.81629705
2026-09-21 06:00:00,0.8861629
2026-09-21 07:00:00,0.8719985
2026-09-21 08:00:00,0.81455946
2026-09-21 09:00:00,0.72887844
2026-09-21 10:00:00,0.6251622
2026-09-21 11:00:00,0.50935864
2026-09-21 12:00:00,0.39173383
2026-09-21 13:00:00,0.30273283
2026-09-21 14:00:00,0.28179687
2026-09-21 15:00:00,0.38052186
2026-09-21 16:00:00,0.4836651
2026-09-21 17:00:00,0.577313
2026-09-21 18:00:00,0.70688623
2026-09-21 19:00:00,0.77967745
2026-09-21 20:00:00,0.74404
2026-09-21 21:00:00,0.68203765
2026-09-21 22:00:00,0.6045955
2026-09-21 23:00:00,0.5102376
2026-09-22 00:00:00,0.41471002
2026-09-22 01:00:00,0.34822223
2026-09-22 02:00:00,0.42894372
2026-09-22 03:00:00,0.63930166
2026-09-22 04:00:00,0.74250317
2026-09-22 05:00:00,0.86947304
2026-09-22 06:00:00,1.044325
